#,Referee,Examiner 1,Examiner 2
M1,R007,R003,R002
M2,R001,R002,R008
M3,R003,R007,R002
M4,R005,R004,R009
M5,R006,R008,R010
M6,R003,R012,R015
M7,R013,R001,R014
M8,R002,R003,R015
M9,R015,R014,R002
M10,R003,R009,R004
M11,R004,R001,R002
M12,R005,R002,R008
M13,R003,R014,R007
M14,R010,R011,R012
M15,R006,R004,R002
M16,R005,R009,R004
M17,R003,R009,R004
M18,R010,R011,R012
M19,R006,R004,R002
M20,R015,R014,R002
M21,R003,R009,R004
M22,R003,R009,R004
M23,R005,R009,R004
M24,R013,R001,R014
M25,R005,R009,R004
M26,R015,R014,R002
M27,R010,R011,R012
M28,R013,R001,R014
M29,R010,R011,R012
M30,R015,R014,R002